{
  "anchorsByPage": {
    "1": [
      {
        "name": "",
        "x": 0.0741067425569177,
        "y": 0.21707190860215053,
        "w": 0.8283712784588442,
        "h": 0.16061827956989247,
        "fs": 24,
        "lh": 1.4
      }
    ],
    "2": [],
    "3": [],
    "4": []
  },
  "version": 3
}
