{
  "anchorsByPage": {
    "1": [
      {
        "name": "",
        "x": 0.0748446584938704,
        "y": 0.22632594086021507,
        "w": 0.8266199649737302,
        "h": 0.1586021505376344,
        "fs": 24,
        "lh": 1.4
      }
    ],
    "2": [],
    "3": [],
    "4": []
  },
  "version": 3
}
